dataset,model,cfgid,epochs,params,train_time_s,inference_ms_per_batch,checkpoint_mb,test_rmse,test_mae,test_r2,test_accuracy,test_precision,test_recall,test_f1,detection,corrections
uci,lstm_cnn,s7_h32,5,35525,2.69,1.813,0.16,1.0461,0.8573,0.4141,0.5597,0.5434,0.5597,0.5374,none,0
uci,lstm_cnn,s7_h128,5,535301,1.93,4.485,2.16,0.9749,0.6732,0.4911,0.5786,0.5962,0.5786,0.5741,none,0
uci,lstm_cnn,s24_h32,5,35525,1.19,2.798,0.16,1.1751,0.9631,0.3102,0.4577,0.3875,0.4577,0.3556,none,0
uci,lstm_cnn,s24_h128,5,535301,3.05,11.231,2.16,1.0857,0.8346,0.4111,0.493,0.5733,0.493,0.5067,none,0
uci,cnn_bilstm,s7_h32,5,18533,1.34,1.408,0.09,1.0087,0.7691,0.4552,0.4969,0.5295,0.4969,0.3549,none,0
uci,cnn_bilstm,s7_h128,5,270725,1.13,3.113,1.1,0.8706,0.6417,0.5942,0.6667,0.6631,0.6667,0.6581,none,0
uci,cnn_bilstm,s24_h32,5,18533,0.82,3.175,0.09,0.9434,0.6693,0.5554,0.5634,0.5703,0.5634,0.5072,none,0
uci,cnn_bilstm,s24_h128,5,270725,2.02,8.194,1.1,0.7975,0.5746,0.6823,0.5915,0.5749,0.5915,0.5116,none,0
uci,lstm_attention,s7_h32,5,16741,0.51,0.784,0.08,1.2664,1.0086,0.1412,0.3396,0.2281,0.3396,0.2667,none,0
uci,lstm_attention,s7_h128,5,226597,0.87,2.001,0.92,1.258,1.0138,0.1526,0.434,0.4018,0.434,0.4079,none,0
uci,lstm_attention,s24_h32,5,16741,0.67,1.634,0.08,1.3358,1.055,0.1086,0.3451,0.1871,0.3451,0.2426,none,0
uci,lstm_attention,s24_h128,5,226597,1.68,5.973,0.92,1.3207,1.0497,0.1287,0.3521,0.3099,0.3521,0.282,none,0
uci,transformer_lstm,s7_h32,5,35525,1.65,1.591,0.17,0.8982,0.6801,0.568,0.6038,0.609,0.6038,0.539,none,0
uci,transformer_lstm,s7_h128,5,547589,2.38,5.253,2.24,0.9158,0.6496,0.5509,0.6226,0.6063,0.6226,0.5884,none,0
uci,transformer_lstm,s24_h32,5,35525,1.66,2.549,0.17,0.8936,0.598,0.6011,0.5845,0.5921,0.5845,0.5374,none,0
uci,transformer_lstm,s24_h128,5,547589,6.95,12.368,2.25,0.6845,0.5245,0.766,0.6901,0.6952,0.6901,0.6903,none,0
uci,convlstm_attention,s7_h32,5,35205,1.07,1.584,0.16,1.1355,0.8858,0.3096,0.4151,0.3998,0.4151,0.3354,none,0
uci,convlstm_attention,s7_h128,5,363525,1.63,4.382,1.47,1.132,0.8314,0.3139,0.5723,0.5539,0.5723,0.5554,none,0
uci,convlstm_attention,s24_h32,5,35205,1.4,3.84,0.16,1.378,1.0939,0.0515,0.3732,0.2491,0.3732,0.2763,none,0
uci,convlstm_attention,s24_h128,5,363525,2.82,9.913,1.47,1.3751,1.0854,0.0555,0.3099,0.2159,0.3099,0.2409,none,0
india,lstm_cnn,s7_h32,5,35079,1.73,2.248,0.15,35.751,26.1727,0.9072,0.5595,0.645,0.5595,0.5409,none,0
india,lstm_cnn,s7_h128,5,533511,5.05,4.539,2.15,47.1048,34.591,0.839,0.5757,0.6336,0.5757,0.5598,none,0
india,lstm_cnn,s24_h32,5,35079,2.15,2.762,0.15,39.4459,28.319,0.8904,0.4646,0.5595,0.4646,0.4118,none,0
india,lstm_cnn,s24_h128,5,533511,10.21,12.526,2.15,42.4097,32.8155,0.8734,0.5212,0.6293,0.5212,0.4903,none,0
india,cnn_bilstm,s7_h32,5,18215,3.17,2.125,0.09,43.7645,31.4671,0.861,0.6135,0.6974,0.6135,0.6082,none,0
india,cnn_bilstm,s7_h128,5,269447,4.18,3.117,1.09,39.748,29.3438,0.8853,0.6514,0.6756,0.6514,0.6447,none,0
india,cnn_bilstm,s24_h32,5,18215,2.24,2.878,0.09,41.0214,29.2827,0.8815,0.5297,0.6112,0.5297,0.5121,none,0
india,cnn_bilstm,s24_h128,5,269447,6.85,10.612,1.09,35.0194,25.7616,0.9137,0.6204,0.685,0.6204,0.6163,none,0
india,lstm_attention,s7_h32,5,16295,1.32,0.775,0.07,61.469,44.1644,0.7258,0.4027,0.4841,0.4027,0.3377,none,0
india,lstm_attention,s7_h128,5,224807,2.57,2.185,0.91,38.6944,27.7721,0.8913,0.6514,0.6835,0.6514,0.6509,none,0
india,lstm_attention,s24_h32,5,16295,1.83,1.85,0.07,78.3182,56.6845,0.5681,0.3428,0.3945,0.3428,0.2501,none,0
india,lstm_attention,s24_h128,5,224807,6.17,7.807,0.91,74.1785,54.023,0.6126,0.3598,0.3968,0.3598,0.3036,none,0
india,transformer_lstm,s7_h32,5,35463,2.74,1.432,0.17,44.427,33.6335,0.8568,0.4784,0.553,0.4784,0.4395,none,0
india,transformer_lstm,s7_h128,5,547335,7.6,6.775,2.24,35.3932,25.9713,0.9091,0.627,0.6901,0.627,0.6219,none,0
india,transformer_lstm,s24_h32,5,35463,6.91,4.023,0.17,49.3228,38.1455,0.8287,0.4561,0.5324,0.4561,0.4084,none,0
india,transformer_lstm,s24_h128,5,547335,23.7,16.578,2.25,37.0668,27.8462,0.9033,0.6431,0.6886,0.6431,0.6423,none,0
india,convlstm_attention,s7_h32,5,34887,3.2,1.436,0.16,45.9912,32.6403,0.8465,0.5108,0.6225,0.5108,0.4784,none,0
india,convlstm_attention,s7_h128,5,363399,4.27,4.404,1.47,39.0453,28.7085,0.8894,0.6243,0.6823,0.6243,0.6201,none,0
india,convlstm_attention,s24_h32,5,34887,3.78,3.831,0.16,78.6365,58.6191,0.5646,0.3399,0.4307,0.3399,0.2636,none,0
india,convlstm_attention,s24_h128,5,363399,8.54,9.862,1.47,72.4875,54.2134,0.63,0.3711,0.5422,0.3711,0.2914,none,0
