location_id,city,country,distance_km,station_name,display_name
1285339,,,,SPARTAN - Abu Dhabi-1255560,SPARTAN - Abu Dhabi-1255560
362968,,,,Palm Jumeirah - Shoreline-373569,Palm Jumeirah - Shoreline-373569
369958,,,,,Station 369958
1212895,,,,EMC I Dock Sud-1214699,EMC I Dock Sud-1214699
1212896,,,,EMC II La Matanza-1214700,EMC II La Matanza-1214700
14,,,,SPARTAN - CITEDEF-14,SPARTAN - CITEDEF-14
269116,,,,AQI Near Tumo Center by FRANKYANTS.ORG-281412,AQI Near Tumo Center by FRANKYANTS.ORG-281412
1038477,Sydney,Australia,15.6,NSW DPE PA2 FLEX 29-1043041,Sydney (~15.6 km)
10476,,,,Le Fevre 2-10476,Le Fevre 2-10476
10478,,,,Netley-10478,Netley-10478
2162038,,,,,Station 2162038
2162039,,,,,Station 2162039
2162040,,,,,Station 2162040
353013,,,,,Station 353013
1235981,,,,,Station 1235981
2162123,,,,,Station 2162123
2162125,,,,,Station 2162125
1108678,,,,,Station 1108678
1112128,,,,BUET-1113954,BUET-1113954
1112291,,,,Dhonia outside-1114117,Dhonia outside-1114117
1664506,,,,Hristo Smirnenski-1634480,Hristo Smirnenski-1634480
2162110,,,,,Station 2162110
2162113,,,,,Station 2162113
1011825,,,,Jablanica-1019725,Jablanica-1019725
1585482,,,,Breka-1555458,Breka-1555458
1889458,,,,,Station 1889458
2457847,,,,,Station 2457847
2489658,,,,,Station 2489658
339851,,,,Pipiripi-350451,Pipiripi-350451
1136806,,,,FSP-USP-1138633,FSP-USP-1138633
1136807,,,,FSP-USP-1138634,FSP-USP-1138634
1163093,,,,,Station 1163093
1008841,,,,Riverdale-1018583,Riverdale-1018583
1037243,,,,,Station 1037243
1038388,,,,AQSU-VCH-NHMB-1042983,AQSU-VCH-NHMB-1042983
1459983,,,,,Station 1459983
2008229,,,,,Station 2008229
2162144,,,,,Station 2162144
10653,,,,Arica-10653,Arica-10653
10833,,,,Urmeneta - Plaza Centenario-10833,Urmeneta - Plaza Centenario-10833
1122574,,,,Estación centro-1124400,Estación centro-1124400
10001,,,,华电二区-10001,华电二区-10001
10002,,,,南充市委-10002,南充市委-10002
10007,,,,南城西平-10007,南城西平-10007
226762,,,,Douala 3 MAKEPE Rhône Poulenc-239058,Douala 3 MAKEPE Rhône Poulenc-239058
648077,,,,PAIR-10 LENDI-658679,PAIR-10 LENDI-658679
1732640,,,,,Station 1732640
1038083,,,,Parque San Antonio de Prado-1042776,Parque San Antonio de Prado-1042776
10493,,,,GIR-SOSN - _OFF-Girardota - S.O.S Aburrá Norte-10493,GIR-SOSN - _OFF-Girardota - S.O.S Aburrá Norte-10493
10500,,,,ITA-CONC - Itagüí - I.E. Concejo Municipal de Itagüí-10500,ITA-CONC - Itagüí - I.E. Concejo Municipal de Itagüí-10500
7077,,,,San Jose-7077,San Jose-7077
2162163,,,,,Station 2162163
663494,,,,,Station 663494
663495,,,,,Station 663495
1441613,,,,,Station 1441613
2162166,,,,,Station 2162166
2722,,,,Pribram-2722,Pribram-2722
1637421,,,,Rheintalstraße-1607396,Rheintalstraße-1607396
1688697,,,,,Station 1688697
2031519,,,,,Station 2031519
2712073,,,,,Station 2712073
2951,,,,Copenhagen/1103-2951,Copenhagen/1103-2951
419925,,,,Kløvertoften Skovlunde-430525,Kløvertoften Skovlunde-430525
232326,,,,Panorama-244622,Panorama-244622
277467,,,,,Station 277467
337324,,,,El Recreo-347922,El Recreo-347922
235029,,,,Kazım Orbay Caddesi-247325,Kazım Orbay Caddesi-247325
268244,,,,Yalı Mahallesi-280540,Yalı Mahallesi-280540
352828,,,,,Station 352828
1334443,,,,,Station 1334443
1402536,,,,La Nou de Bergueda-1372598,La Nou de Bergueda-1372598
2162239,,,,,Station 2162239
1174078,,,,,Station 1174078
223524,,,,,Station 223524
224840,,,,AQN1-237136,AQN1-237136
2162536,,,,,Station 2162536
2162537,,,,,Station 2162537
2162543,,,,,Station 2162543
1236009,Paris,France,3.6,,Paris (~3.6 km)
1620795,,,,Essai 2-1590770,Essai 2-1590770
2162149,,,,,Station 2162149
269325,,,,Libreville-281622,Libreville-281622
276795,,,,Equipment-AAN-287834,Equipment-AAN-287834
1063574,London,United Kingdom,41.0,Longmeadow Station-1065417,London (~41 km)
141,London,United Kingdom,21.8,London Harlington-141,London (~21.8 km)
146,London,United Kingdom,5.6,Southwark A2 Old Kent Road-146,London (~5.6 km)
1396582,,,,DidiDighomi-near-192school-1366642,DidiDighomi-near-192school-1366642
1396923,,,,Chiaureli street-Dighomi-1366983,Chiaureli street-Dighomi-1366983
1434977,,,,EPA Volta (Oxygen City AQ Project - LDEO)-1405036,EPA Volta (Oxygen City AQ Project - LDEO)-1405036
1471855,,,,,Station 1471855
2453500,,,,,Station 2453500
1001782,,,,APPCXFGP-1011762,APPCXFGP-1011762
10519,,,,GR0048A-10519,GR0048A-10519
1375968,,,,PANACEA_062-1346021,PANACEA_062-1346021
1573187,,,,GR0019A-1543162,GR0019A-1543162
900913,,,,Narsaq school-911502,Narsaq school-911502
231037,,,,HAPIN JALAPA-243333,HAPIN JALAPA-243333
2391226,,,,,Station 2391226
273063,,,,BARRIO LA DEMOCRACIA 2 HAPIN-284102,BARRIO LA DEMOCRACIA 2 HAPIN-284102
224860,,,,Santa Lucia HSF3-237156,Santa Lucia HSF3-237156
2162025,,,,,Station 2162025
2162031,,,,,Station 2162031
2162032,,,,,Station 2162032
1192419,,,,Kaposvár-1194224,Kaposvár-1194224
1917100,,,,,Station 1917100
3946,,,,HU0030A-3946,HU0030A-3946
1390058,,,,Kali Jabiren River House #2 Outdoor [PA11]-1360122,Kali Jabiren River House #2 Outdoor [PA11]-1360122
20,,,,SPARTAN - ITB Bandung-20,SPARTAN - ITB Bandung-20
2407047,,,,,Station 2407047
15,Delhi,India,12.7,IGI Airport-15,Delhi (~12.7 km)
16,Delhi,India,7.4,Civil Lines-16,Delhi (~7.4 km)
1667903,Delhi,India,14.3,15 Oak Drive Outdoor-1637880,Delhi (~14.3 km)
160352,,,,Monkstown-151886,Monkstown-151886
1958016,,,,,Station 1958016
2000290,,,,,Station 2000290
369970,,,,,Station 369970
8839,,,,Baghdad-8839,Baghdad-8839
8887,,,,US Diplomatic Post: Baghdad-8887,US Diplomatic Post: Baghdad-8887
10675,,,,Hafnarfjörður Hvaleyrarholt-10675,Hafnarfjörður Hvaleyrarholt-10675
1850659,,,,Kópavogur Hörðuvallaskóli-1820634,Kópavogur Hörðuvallaskóli-1820634
2430363,,,,,Station 2430363
11190,,,,תחנה:ניידת2-11190,תחנה:ניידת2-11190
11280,,,,תחנה:המעפיל-11280,תחנה:המעפיל-11280
11324,,,,תחנה:אליקים-11324,תחנה:אליקים-11324
1797736,,,,,Station 1797736
1906853,,,,,Station 1906853
2162145,,,,,Station 2162145
11513,,,,תחנה:ק.בנימין-11513,תחנה:ק.בנימין-11513
11541,,,,תחנה:ק.מלאכי-11541,תחנה:ק.מלאכי-11541
1086524,,,,Tachikawa Metropolitan Highschool-1088352,Tachikawa Metropolitan Highschool-1088352
1214467,,,,一宮市平島２－１－１２-1216271,一宮市平島２－１－１２-1216271
1214469,,,,一宮市松降通７－２７－５-1216273,一宮市松降通７－２７－５-1216273
228687,,,,test5-240983,test5-240983
2752623,,,,,Station 2752623
2812550,,,,,Station 2812550
276508,,,,Ataturk Park Maldybaeva-287547,Ataturk Park Maldybaeva-287547
2812584,,,,,Station 2812584
2812622,,,,,Station 2812622
1921534,,,,,Station 1921534
1057672,,,,,Station 1057672
1058401,,,,TA0102_IN-1061636,TA0102_IN-1061636
1058912,,,,ss03_OUT-1061831,ss03_OUT-1061831
2578981,,,,,Station 2578981
277180,,,,Camp 2 PM2.5 Sensor in Maxhunaj-288219,Camp 2 PM2.5 Sensor in Maxhunaj-288219
277190,,,,Camp 3 PM2.5 Sensor in Leposaviq-288229,Camp 3 PM2.5 Sensor in Leposaviq-288229
225658,,,,Bueng Kan District Office-237954,Bueng Kan District Office-237954
230513,,,,AQSEA_LAO_005-242809,AQSEA_LAO_005-242809
2389121,,,,,Station 2389121
274022,,,,Solidere20-285061,Solidere20-285061
219160,,,,31.01.2021-209470,31.01.2021-209470
219162,,,,31.01.2021-209472,31.01.2021-209472
226587,,,,test-238883,test-238883
225142,,,,Overseas School of Colombo Sensor 2-237438,Overseas School of Colombo Sensor 2-237438
226944,,,,Vilniaus Prano Mašioto pradinė mokykla-239240,Vilniaus Prano Mašioto pradinė mokykla-239240
236205,,,,Grigiškių Šviesos Gimnazija-248501,Grigiškių Šviesos Gimnazija-248501
236306,,,,Vilniaus Aleksandro Puškino gimnazija-248602,Vilniaus Aleksandro Puškino gimnazija-248602
2163034,,,,,Station 2163034
2163035,,,,,Station 2163035
2163036,,,,,Station 2163036
2163041,,,,,Station 2163041
225999,,,,Baltezers-238295,Baltezers-238295
8216,,,,LV0007A-8216,LV0007A-8216
278118,,,,Chisinau-289157,Chisinau-289157
9434,,,,RO0211A-9434,RO0211A-9434
299916,,,,Meteo-Madagascar 002 - Ministère de la Santé Publique Ambohidahy-310516,Meteo-Madagascar 002 - Ministère de la Santé Publique Ambohidahy-310516
41726,,,,Antananarivo-36780,Antananarivo-36780
10536,,,,Centro -10536,Centro -10536
10635,,,,Instituto Tecnológico de Nogales-10635,Instituto Tecnológico de Nogales-10635
10666,,,,Pesquería-10666,Pesquería-10666
2163051,,,,,Station 2163051
2163054,,,,,Station 2163054
2163055,,,,,Station 2163055
8012,,,,US Diplomatic Post: Bamako-8012,US Diplomatic Post: Bamako-8012
276401,,,,AQSEA_THA_002-287440,AQSEA_THA_002-287440
7153,,,,Rangoon-7153,Rangoon-7153
302031,,,,Gradina-312632,Gradina-312632
302032,,,,Obilićeva-312633,Obilićeva-312633
226883,,,,Tub_01(Цаг уур)-239179,Tub_01(Цаг уур)-239179
230481,,,,Khobd_01(Цаг уур)-242777,Khobd_01(Цаг уур)-242777
230483,,,,Ubs_01(Цаг уур)-242779,Ubs_01(Цаг уур)-242779
1285352,,,,SPARTAN - NUS-1255573,SPARTAN - NUS-1255573
221430,,,,NUS-SDE4-233847,NUS-SDE4-233847
269508,,,,Robertson Quay-281804,Robertson Quay-281804
1190888,,,,Ojodu Berger-1192693,Ojodu Berger-1192693
160357,,,,,Station 160357
160359,,,,jan20a-151893,jan20a-151893
100,,,,Badhoevedorp-Sloterweg-100,Badhoevedorp-Sloterweg-100
1391684,,,,,Station 1391684
1727877,,,,,Station 1727877
10526,,,,Lensmannsdalen-10526,Lensmannsdalen-10526
10530,,,,Vigernes-10530,Vigernes-10530
10546,,,,Rådal-10546,Rådal-10546
230935,,,,Fulbari (Test location)-243231,Fulbari (Test location)-243231
231892,,,,Birendarnagar-244188,Birendarnagar-244188
314310,,,,Dadikot-324911,Dadikot-324911
1311228,,,,tulia-1281446,tulia-1281446
1392581,,,,Lake View-1362645,Lake View-1362645
1848980,,,,,Station 1848980
233380,Amritsar,India,50.0,PU-ZA-10-VC-245676,Amritsar (~50 km)
8664,Amritsar,India,51.5,US Diplomatic Post: Lahore-8664,Amritsar (~51.5 km)
1067274,,,,Parque Metropolitano-1069113,Parque Metropolitano-1069113
886285,,,,Regional de MiAmbiente Panamá Este-Chepo-896882,Regional de MiAmbiente Panamá Este-Chepo-896882
1285700,,,,UPCH_LIM_Santa_Teatr_5-1255921,UPCH_LIM_Santa_Teatr_5-1255921
1296981,,,,OVA MARCAPOMACOCHA SENAMHI-1267202,OVA MARCAPOMACOCHA SENAMHI-1267202
1378083,,,,Zepita-1348145,Zepita-1348145
229080,,,,Westgrove-241376,Westgrove-241376
65921,,,,One Serendra Bamboo-60919,One Serendra Bamboo-60919
69963,,,,PurpleAir-14-64961,PurpleAir-14-64961
10552,,,,Smolary Bytnickie-10552,Smolary Bytnickie-10552
10564,,,,Krasnobrod-10564,Krasnobrod-10564
10655,,,,Środa Śląska-10655,Środa Śląska-10655
299987,,,,UPR SEPA-COLEGIO NUESTRA SEÑORA DEL CARMEN SAN JUAN-310588,UPR SEPA-COLEGIO NUESTRA SEÑORA DEL CARMEN SAN JUAN-310588
345,,,,Cataño 40-345,Cataño 40-345
7020,,,,Ponce-7020,Ponce-7020
2163061,,,,,Station 2163061
2163062,,,,,Station 2163062
2163064,,,,,Station 2163064
11492,,,,תחנה:בני עטרות-11492,תחנה:בני עטרות-11492
11503,,,,תחנה:תחנה מרכזית ירושלים-11503,תחנה:תחנה מרכזית ירושלים-11503
11528,,,,תחנה:אחוזה תחבורתית-11528,תחנה:אחוזה תחבורתית-11528
274009,,,,Block D First Floor - Science-285048,Block D First Floor - Science-285048
10509,,,,RO0154A-10509,RO0154A-10509
10517,,,,RO0155A-10517,RO0155A-10517
10585,,,,RO0132A-10585,RO0132A-10585
232314,,,,Аршан-244610,Аршан-244610
232678,,,,bureau test-244974,bureau test-244974
2952,,,,Odense/9155-2952,Odense/9155-2952
2525068,,,,,Station 2525068
7673,,,,Jeddah-7673,Jeddah-7673
8688,,,,Dhahran-8688,Dhahran-8688
8047,,,,Khartoum Embassy-8047,Khartoum Embassy-8047
8649,,,,Khartoum Residential-8649,Khartoum Residential-8649
1786373,,,,,Station 1786373
327628,,,,Cite Cheikh Amar-338231,Cite Cheikh Amar-338231
683325,,,,,Station 683325
10871,,,,RS0034A-10871,RS0034A-10871
11590,,,,RS0029A-11590,RS0029A-11590
11593,,,,RS0047A-11593,RS0047A-11593
2162037,,,,,Station 2162037
2163351,,,,,Station 2163351
2163358,,,,,Station 2163358
10669,,,,MS Rakičan-10669,MS Rakičan-10669
1806855,,,,,Station 1806855
227675,,,,CE Ljubljanska-239971,CE Ljubljanska-239971
10927,,,,Sollentuna Danderydsvägen-10927,Sollentuna Danderydsvägen-10927
10930,,,,Urban bakgrund (Stockholm)-10930,Urban bakgrund (Stockholm)-10930
1659211,,,,Hamngatan_Linkoping-1629186,Hamngatan_Linkoping-1629186
160433,,,,mob-151967,mob-151967
218421,,,,airbeam2test-208731,airbeam2test-208731
221292,,,,hhh-233709,hhh-233709
1082952,,,,Université de Lomé [West Africa AQ - Columbia]-1084780,Université de Lomé [West Africa AQ - Columbia]-1084780
1180402,,,,Ban Padang Community School-1182227,Ban Padang Community School-1182227
1236014,,,,,Station 1236014
1236022,,,,,Station 1236022
8684,,,,Dushanbe-8684,Dushanbe-8684
8170,,,,US Diplomatic Post: Ashgabat-8170,US Diplomatic Post: Ashgabat-8170
68452,,,,robby@9Y4R.com-Chaguanas-Longdenville-63450,robby@9Y4R.com-Chaguanas-Longdenville-63450
784127,,,,Arima-794728,Arima-794728
270732,,,,Tasucu-283028,Tasucu-283028
3548,,,,Gemilercekeği-3548,Gemilercekeği-3548
368805,,,,,Station 368805
10718,,,,Pingzhen-10718,Pingzhen-10718
10727,,,,Taoyuan-10727,Taoyuan-10727
10774,,,,Zhongming-10774,Zhongming-10774
367235,,,,Buyamba HC3-377836,Buyamba HC3-377836
368589,,,,Kakuuto HC4-379190,Kakuuto HC4-379190
368621,,,,Nyendo HC3-379222,Nyendo HC3-379222
2534572,,,,,Station 2534572
70854,,,,Hlepcha-65852,Hlepcha-65852
1001673,San Francisco,United States,18.1,,San Francisco (~18.1 km)
1001791,San Francisco,United States,19.1,,San Francisco (~19.1 km)
1002069,Los Angeles,United States,41.0,2303 - Porter Ranch Community School-1012044,Los Angeles (~41 km)
368739,,,,TSTU-379340,TSTU-379340
718002,,,,Mangit-728606,Mangit-728606
778796,,,,Nukus-789394,Nukus-789394
224288,,,,Climaguayana-236584,Climaguayana-236584
1285357,,,,SPARTAN - Vietnam Acad. Sci.-1255578,SPARTAN - Vietnam Acad. Sci.-1255578
2161291,,,,,Station 2161291
2161292,,,,,Station 2161292
1175102,,,,Mopani-1176927,Mopani-1176927
1209252,,,,Mashishing-1211056,Mashishing-1211056
1285341,,,,SPARTAN - CSIR-1255562,SPARTAN - CSIR-1255562
